<?xml version="1.0" encoding="UTF-8"?>
<Editor version="1.0">
   <File absPath="C:\Program Files\MATLAB\R2007b\work\penedAnnotation" lastWrittenTime="1254568019765" name="printResults2.m">
      <CodeFolds version="1.0"/>
   </File>
   <File absPath="C:\Program Files\MATLAB\R2007b\work\penedAnnotation" lastWrittenTime="1254568019781" name="classifyKNN_D.m">
      <CodeFolds version="1.0"/>
   </File>
   <File absPath="C:\Program Files\MATLAB\R2007b\work\penedAnnotation" lastWrittenTime="1254568019796" name="transposeMatToAscii.m">
      <CodeFolds version="1.0"/>
   </File>
   <File absPath="C:\Program Files\MATLAB\R2007b\work\subtitlesRecognition" lastWrittenTime="1254568019812" name="generateXLS.m">
      <CodeFolds version="1.0"/>
   </File>
   <File absPath="C:\Program Files\MATLAB\R2007b\work\john" lastWrittenTime="1259365938718" name="RFM.m">
      <CodeFolds version="1.0"/>
   </File>
   <File absPath="C:\Program Files\MATLAB\R2007b\work\Emotion" lastWrittenTime="1259365940890" name="classifyEmotionKNN.m">
      <CodeFolds version="1.0"/>
   </File>
   <File absPath="C:\Program Files\MATLAB\R2007b\work\DEMO" lastWrittenTime="1260217083812" name="script.m">
      <CodeFolds version="1.0"/>
   </File>
   <File absPath="C:\Program Files\MATLAB\R2007b\work\violence_classification4" lastWrittenTime="1260217084140" name="ShortTimeEnergy.m">
      <CodeFolds version="1.0"/>
   </File>
   <File absPath="C:\Program Files\MATLAB\R2007b\work" lastWrittenTime="1260217084328" name="computeWavSamplesDistributions.m">
      <CodeFolds version="1.0"/>
   </File>
   <File absPath="C:\Program Files\MATLAB\R2007b\work" lastWrittenTime="1260217084500" name="computeWavSamplesDistributionsScript.m">
      <CodeFolds version="1.0"/>
   </File>
   <File absPath="C:\Program Files\MATLAB\R2007b\work\penedAnnotation" lastWrittenTime="1260217085031" name="computeDetectionErrors.m">
      <CodeFolds version="1.0"/>
   </File>
   <File absPath="C:\Program Files\MATLAB\R2007b\work\Emotion" lastWrittenTime="1260217085375" name="cromaFeature3.m">
      <CodeFolds version="1.0"/>
   </File>
   <File absPath="C:\Program Files\MATLAB\R2007b\work\musicDetection" lastWrittenTime="1260217085531" name="cromaFeature3.m">
      <CodeFolds version="1.0"/>
   </File>
   <File absPath="C:\Program Files\MATLAB\R2007b\work\musicDetection" lastWrittenTime="1260217085718" name="chroma_aggelos_2.m">
      <CodeFolds version="1.0"/>
   </File>
   <File absPath="C:\Program Files\MATLAB\R2007b\work\Emotion" lastWrittenTime="1260217086765" name="scriptEmotionDirDemokritos.m">
      <CodeFolds version="1.0"/>
   </File>
   <File absPath="C:\Program Files\MATLAB\R2007b\work\Emotion" lastWrittenTime="1260217087109" name="emotionEstimationDEMO2.m">
      <CodeFolds version="1.0"/>
   </File>
   <File absPath="C:\Program Files\MATLAB\R2007b\work\Emotion" lastWrittenTime="1260217087421" name="featureExctactionEmotions.m">
      <CodeFolds version="1.0"/>
   </File>
   <File absPath="C:\Program Files\MATLAB\R2007b\work\penedAnnotation" lastWrittenTime="1260217087578" name="plotHists.m">
      <CodeFolds version="1.0"/>
   </File>
   <File absPath="C:\Program Files\MATLAB\R2007b\work\penedAnnotation" lastWrittenTime="1260217087750" name="plotHists2D.m">
      <CodeFolds version="1.0"/>
   </File>
   <File absPath="C:\Program Files\MATLAB\R2007b\work\AudioDemo" lastWrittenTime="1260217088312" name="add_BNT_to_path.m">
      <CodeFolds version="1.0"/>
   </File>
   <File absPath="C:\Program Files\MATLAB\R2007b\work\DEMO" lastWrittenTime="1260217090156" name="demoWav1.m">
      <CodeFolds version="1.0"/>
   </File>
   <File absPath="C:\Program Files\MATLAB\R2007b\work\DEMO" lastWrittenTime="1260217090265" name="demoCos.m">
      <CodeFolds version="1.0"/>
   </File>
   <File absPath="C:\Program Files\MATLAB\R2007b\work\DEMO" lastWrittenTime="1260217090437" name="demoFilter.m">
      <CodeFolds version="1.0"/>
   </File>
   <File absPath="C:\Program Files\MATLAB\R2007b\work\penedAnnotation" lastWrittenTime="1263479628218" name="scriptTestkNNFile.m">
      <CodeFolds version="1.0"/>
   </File>
   <File absPath="C:\Program Files\MATLAB\R2007b\work\penedAnnotation" lastWrittenTime="1263479629671" name="scriptTestOntologyFile.m">
      <CodeFolds version="1.0"/>
   </File>
   <File absPath="C:\Program Files\MATLAB\R2007b\work\penedAnnotation" lastWrittenTime="1263479630015" name="testOntologyFile.m">
      <CodeFolds version="1.0"/>
   </File>
   <File absPath="C:\Program Files\MATLAB\R2007b\work\penedAnnotation" lastWrittenTime="1263479630187" name="testkNNFile.m">
      <CodeFolds version="1.0"/>
   </File>
   <File absPath="C:\Program Files\MATLAB\R2007b\work\musicDetection" lastWrittenTime="1263479630375" name="MusicTrackingGUI.m">
      <CodeFolds version="1.0"/>
   </File>
   <File absPath="C:\Program Files\MATLAB\R2007b\work\penedAnnotation" lastWrittenTime="1263479630687" name="generatekNNTrainData.m">
      <CodeFolds version="1.0"/>
   </File>
   <File absPath="C:\Program Files\MATLAB\R2007b\work\penedAnnotation" lastWrittenTime="1263479630828" name="compareTxtResultsDir.m">
      <CodeFolds version="1.0"/>
   </File>
   <File absPath="C:\Program Files\MATLAB\R2007b\work\penedAnnotation" lastWrittenTime="1263479630984" name="Untitled.m">
      <CodeFolds version="1.0"/>
   </File>
   <File absPath="C:\Program Files\MATLAB\R2007b\work\penedAnnotation" lastWrittenTime="1263479631140" name="plotResultsOntology.m">
      <CodeFolds version="1.0"/>
   </File>
   <File absPath="C:\Program Files\MATLAB\R2007b\work\penedAnnotation" lastWrittenTime="1263479631343" name="plotResults.m">
      <CodeFolds version="1.0"/>
   </File>
   <File absPath="C:\Program Files\MATLAB\R2007b\work\subtitlesRecognition" lastWrittenTime="1263479631515" name="porterStemmer.m">
      <CodeFolds version="1.0"/>
   </File>
   <File absPath="C:\Program Files\MATLAB\R2007b\work\Emotion" lastWrittenTime="1263479631703" name="classifyEmotionkNN_File.m">
      <CodeFolds version="1.0"/>
   </File>
   <File absPath="C:\Program Files\MATLAB\R2007b\work\Emotion" lastWrittenTime="1263479631843" name="emotionEstimationDEMO.m">
      <CodeFolds version="1.0"/>
   </File>
   <File absPath="C:\Program Files\MATLAB\R2007b\work\violenceDetection" lastWrittenTime="1263479632234" name="stemFile.m">
      <CodeFolds version="1.0"/>
   </File>
   <File absPath="C:\Program Files\MATLAB\R2007b\work\subtitlesRecognition" lastWrittenTime="1265215797734" name="prostProcessWords.m">
      <CodeFolds version="1.0"/>
   </File>
   <File absPath="C:\Program Files\MATLAB\R2007b\work\subtitlesRecognition" lastWrittenTime="1265215797750" name="getFeaturesFromSrt.m">
      <CodeFolds version="1.0"/>
   </File>
   <File absPath="C:\Program Files\MATLAB\R2007b\work\subtitlesRecognition" lastWrittenTime="1265215797781" name="createWordHist.m">
      <CodeFolds version="1.0"/>
   </File>
   <File absPath="C:\Program Files\MATLAB\R2007b\work\emotionIndigo" lastWrittenTime="1265215797812" name="readTextFeatures.m">
      <CodeFolds version="1.0"/>
   </File>
   <File absPath="C:\Program Files\MATLAB\R2007b\work\emotionIndigo" lastWrittenTime="1265215797828" name="addTextFeatures.m">
      <CodeFolds version="1.0"/>
   </File>
   <File absPath="C:\Program Files\MATLAB\R2007b\work\emotionIndigo" lastWrittenTime="1265215797843" name="emotionFeatureExctractionDir.m">
      <CodeFolds version="1.0"/>
   </File>
   <File absPath="C:\Program Files\MATLAB\R2007b\work\emotionIndigo" lastWrittenTime="1265215797859" name="scriptExperiments.m">
      <CodeFolds version="1.0"/>
   </File>
   <File absPath="C:\Program Files\MATLAB\R2007b\work\emotionIndigo" lastWrittenTime="1265215797875" name="scriptTestMethod.m">
      <CodeFolds version="1.0"/>
   </File>
   <File absPath="C:\Program Files\MATLAB\R2007b\work\emotionIndigo" lastWrittenTime="1265215797906" name="createMultiClassProblemWithClusters.m">
      <CodeFolds version="1.0"/>
   </File>
   <File absPath="C:\Program Files\MATLAB\R2007b\work\emotionIndigo" lastWrittenTime="1265215797937" name="scriptTestMethod2.m">
      <CodeFolds version="1.0"/>
   </File>
   <File absPath="C:\Documents and Settings\tyiannak\My Documents\PHD\MATLAB_CODE\emotionIndigo" lastWrittenTime="1266509369203" name="emotionEstimationDEMO.m">
      <CodeFolds version="1.0"/>
   </File>
   <File absPath="C:\Documents and Settings\tyiannak\My Documents\PHD\MATLAB_CODE\emotionIndigo" lastWrittenTime="1266509369421" name="classifyEmotionkNN_File.m">
      <CodeFolds version="1.0"/>
   </File>
   <File absPath="C:\Documents and Settings\tyiannak\My Documents\PHD\MATLAB_CODE\emotionIndigo" lastWrittenTime="1266509369484" name="classifyEmotionKNN.m">
      <CodeFolds version="1.0"/>
   </File>
</Editor>